<?xml version="1.0" encoding="UTF-8"?>
<metadata modelVersion="1.1.0">
  <groupId>ch.sbb.maven.plugins</groupId>
  <artifactId>iib-maven-plugin</artifactId>
  <version>9.0-SNAPSHOT</version>
  <versioning>
    <snapshot>
      <timestamp>20170817.215319</timestamp>
      <buildNumber>2</buildNumber>
    </snapshot>
    <lastUpdated>20170817215319</lastUpdated>
    <snapshotVersions>
      <snapshotVersion>
        <extension>jar</extension>
        <value>9.0-20170817.215319-2</value>
        <updated>20170817215319</updated>
      </snapshotVersion>
      <snapshotVersion>
        <extension>pom</extension>
        <value>9.0-20170817.215319-2</value>
        <updated>20170817215319</updated>
      </snapshotVersion>
      <snapshotVersion>
        <classifier>sources</classifier>
        <extension>jar</extension>
        <value>9.0-20170817.215319-2</value>
        <updated>20170817215319</updated>
      </snapshotVersion>
    </snapshotVersions>
  </versioning>
</metadata>
